id,instruction,input,question,expected_output,base_model_output
0,"Management introduces a policy requiring all significant accounting estimates to be reviewed before approval, but no review is actually performed. Does this represent a weakness in policy, procedure, or both?",,"Management introduces a policy requiring all significant accounting estimates to be reviewed before approval, but no review is actually performed. Does this represent a weakness in policy, procedure, or both?","This represents a weakness in both the policy and the procedure, although in different ways.

The policy is weak because it exists only at the level of written intention and is not effectively designed to ensure that significant accounting estimates are actually reviewed before approval. A policy should establish a clear and enforceable requirement, but if it is not structured in a way that can be implemented and monitored, its control value is limited.

The procedure is also weak because the required review is not performed in practice. A procedure is the actual action taken to carry out the policy, and in this case the control activity has failed at the operational level. Even though management has introduced the requirement, the absence of any review means the control is not operating as intended.

Accordingly, the issue is not merely that the policy was documented incorrectly, but that there is a gap between the stated requirement and its execution. This creates a control deficiency in the overall internal control process for significant accounting estimates.","Yes, this situation represents a **weakness in both the policy and the procedure**.

### Explanation:

#### 1. **Policy Weakness:**
The policy requires **all significant accounting estimates to be reviewed before approval**, but **no review is actually performed**. This is a **policy gap** — the policy is not being followed. A policy is supposed to be **a guide** for how things should be done, but if it's not implemented, it becomes **a formality** rather than a real constraint.

#### 2. **Procedure Weakness:**
Even if the policy is in place, the **procedure** (the actual process or steps taken to implement the policy) is **not being followed**. The policy says to review, but the organization is **not doing the review**. This is a **procedure failure** — the process is not being executed as intended.

### Summary:
- **Policy** is not being followed.
- **Procedure** is not being executed.
- This results in a **lack of internal control** and **potential misstatement in financial reporting**.

### Conclusion:
This situation represents a **weakness in both the policy and the procedure**. It undermines the integrity of the accounting process and could lead to **material misstatements in financial statements**."
1,A company identifies unusually high payments to recently approved suppliers. An investigation reveals collusion between procurement employees and several vendors. How should management respond?,,A company identifies unusually high payments to recently approved suppliers. An investigation reveals collusion between procurement employees and several vendors. How should management respond?,"Management should respond by treating the matter as a confirmed fraud issue and taking immediate corrective action. Because the investigation has revealed collusion between procurement employees and several vendors, the response should focus on stopping the fraudulent conduct, protecting the entity’s assets, and preserving relevant evidence.

First, management should promptly suspend or remove the implicated employees from purchasing and vendor-approval responsibilities and restrict their access to systems, records, and payment processes. It should also freeze further dealings with the involved vendors pending review, so that additional unauthorized payments are prevented.

Second, management should secure and document the evidence uncovered in the investigation, including payment records, supplier master data changes, approval logs, correspondence, and any other information showing how the collusion operated. This is necessary both for internal disciplinary action and for any external reporting or recovery efforts.

Third, management should assess the financial effect of the fraudulent payments and determine whether amounts can be recovered from vendors or through insurance or other remedies. It should also consider whether prior financial records are misstated as a result of the fraud and whether any related adjustments or disclosures are required.

Fourth, management should implement stronger controls over supplier onboarding, approval of new vendors, changes to vendor master files, segregation of duties, and review of unusual or high-value payments. The control environment should be strengthened so that no single employee or small group can create vendors, approve them, and authorize payment without independent oversight.

Finally, management should communicate the matter to those charged with governance and consider whether legal or regulatory reporting obligations arise. The response should be decisive, evidence-based, and aimed at both remediation and prevention of recurrence.","When a company identifies unusually high payments to recently approved suppliers, and an investigation reveals collusion between procurement employees and vendors, the management should respond with a combination of **transparency, accountability, and corrective action**. Here's a structured approach to the response:

---

### **1. Immediate Actions: Transparency and Communication**

- **Acknowledge the issue** and inform relevant stakeholders (e.g., procurement, finance, legal, and senior management).
- **Publish a formal statement** to the public (if applicable) to maintain trust and demonstrate accountability.
- **Conduct a full audit** of the payments to identify the scope of the collusion and the extent of the breach.

---

### **2. Investigate and Determine the Scope**

- **Engage an independent auditor** or external legal counsel to conduct a thorough investigation.
- **Review all payment records** and vendor contracts to identify patterns or anomalies.
- **Interview involved parties** (procurement staff, vendors, and possibly internal auditors) to understand the collusion.

---

### **3. Take Legal and Regulatory Action**

- **File a formal complaint** with relevant regulatory bodies (e.g., the SEC, FTC, or local anti-bribery agencies).
- **Seek legal counsel** to explore potential legal remedies, including:
  - **Fines or penalties** for violations of anti-bribery laws.
  - **Litigation** against the involved parties if the collusion is found to be intentional.
  - **Reputational damage mitigation** if the company is involved in a public scandal.

---

### **4. Implement Preventive Controls**

- **Review and update procurement policies** to prevent future collusion.
- **Enhance due diligence** for vendors, including:
  - **Background checks**.
  - **Contractual safeguards** (e.g., penalties for non-compliance).
  - **Regular audits** of vendor performance and financial practices.
- **Implement stricter monitoring** of payments and vendor activity.
- **Train employees** on ethical standards, anti-bribery laws, and the importance of integrity in procurement.

---

### **5. Take Responsibility and Communicate with Stakeholders**

- **Hold those responsible accountable** (e.g., disciplinary action, termination, or legal action).
- **Communicate with customers, partners, and investors** to maintain trust and transparency.
- **Publish a corrective action plan** outlining the steps taken to prevent future incidents.

---

### **6. Monitor and Evaluate**

- **Establish a monitoring system** to detect and prevent future collusion.
- **Conduct regular internal audits** and reviews of procurement practices.
- **Evaluate the impact** of the incident on the company’s reputation, financial performance, and legal standing.

---

### **7. Consider Long-Term Reputational and Strategic Implications**

- **Engage with the media and public** to manage the narrative and prevent reputational damage.
- **Review and update corporate governance** to ensure stronger oversight and accountability.

---

### **Key Takeaway**

The company must act decisively and transparently to restore trust, prevent future misconduct, and ensure compliance with legal and ethical standards. This includes not only addressing the current issue but also reinforcing internal controls and culture to prevent recurrence.

---

If you'd like, I can also provide a sample letter or statement that management might use to communicate the response to stakeholders."
2,Why is a transaction involving significant management judgment generally assessed differently from a routine automated transaction?,,Why is a transaction involving significant management judgment generally assessed differently from a routine automated transaction?,"A transaction involving significant management judgment is generally assessed differently because the risk of material misstatement is typically higher than for a routine automated transaction. When management must exercise judgment, estimates, or interpretations, the accounting outcome is more susceptible to bias, uncertainty, and deliberate or inadvertent misstatement. The auditor therefore gives greater attention to how management formed the judgment, the reasonableness of the underlying assumptions, and whether the resulting accounting treatment is appropriate in the circumstances.

By contrast, a routine automated transaction is usually processed through established system controls and predetermined rules, leaving little scope for subjective decision-making at the transaction level. Because the accounting treatment is more standardized and less dependent on management discretion, the risk of misstatement is generally lower, assuming the system controls operate effectively. As a result, the auditor typically treats such transactions as less inherently risky than those requiring significant judgment.","A transaction involving significant management judgment is generally assessed differently from a routine automated transaction because of the **complexity, subjectivity, and uncertainty** associated with management judgment. Here's a breakdown of the key differences:

---

### **1. Nature of the Transaction**
- **Routine Automated Transactions**:
  - These are **standard, predictable, and well-defined**.
  - They involve **clear rules, algorithms, or procedures** (e.g., buying and selling stocks based on pre-set criteria).
  - The outcome can be **forecasted with high accuracy** using historical data and models.

- **Significant Management Judgment Transactions**:
  - These involve **decisions that require human judgment, discretion, and strategic insight**.
  - They are **not governed by rules or algorithms** (e.g., mergers, investments, or strategic acquisitions).
  - The outcome is **dependent on the manager's judgment, experience, and risk tolerance**.

---

### **2. Subjectivity and Uncertainty**
- **Routine Automated Transactions**:
  - The outcome is **predictable and objective**.
  - There is **minimal uncertainty** in the decision-making process.
  - The result can be **measured and quantified** (e.g., profit, loss, or return on investment).

- **Significant Management Judgment Transactions**:
  - The outcome is **subjective and uncertain**.
  - Decisions may involve **assessing risks, evaluating long-term value, or making trade-offs between competing interests**.
  - The result is **not always measurable** and may involve **qualitative judgments** (e.g., ""we believe this merger will create value"").

---

### **3. Impact on Financial Statements and Performance**
- **Routine Automated Transactions**:
  - These transactions are **automatically recorded** and have **clear financial impacts**.
  - They are **easy to audit** and **transparent** in their effects on the financial statements.

- **Significant Management Judgment Transactions**:
  - These may involve **complex or non-linear outcomes**.
  - The **impact on financial statements** may be **less direct** or **less predictable**.
  - They may require **additional disclosures** or **management explanations** to justify the decision.

---

### **4. Risk and Control**
- **Routine Automated Transactions**:
  - These are **low-risk** and **well-controlled**.
  - They are **subject to strict oversight** and **can be monitored and audited**.

- **Significant Management Judgment Transactions**:
  - These are **higher risk** and **require more careful evaluation**.
  - They may involve **greater uncertainty** and **require more judgment in risk assessment**.
  - They may be **subject to more scrutiny** by auditors and regulators.

---

### **5. Regulatory and Reporting Requirements**
- **Routine Automated Transactions**:
  - Generally **subject to minimal regulatory scrutiny**.
  - They are **recorded and reported** in a straightforward manner.

- **Significant Management Judgment Transactions**:
  - May require **more detailed reporting** and **greater transparency**.
  - They may be **subject to more regulatory review** (e.g., in cases of mergers, acquisitions, or strategic decisions).
  - They may involve **more complex disclosures** in financial statements or management reports.

---

### **Example:**
- **Routine**: A company buys 100 shares of a stock using a pre-set algorithm.
- **Significant Management Judgment**: A company decides to acquire a competitor, weighing factors like market potential, strategic fit, and long-term growth, even if the financial numbers don't immediately show a clear benefit.

---

### **Conclusion:**
A transaction involving significant management judgment is assessed differently because it is **more complex, subjective, and uncertain**. These transactions require **more judgment, risk assessment, and transparency**, and they often have **greater implications for the company's future performance and strategy**. As a result, they are typically reviewed with more care and may be subject to more detailed reporting and regulatory scrutiny."
