id,instruction,input,question,expected_output,finetuned_model_output
0,"Management introduces a policy requiring all significant accounting estimates to be reviewed before approval, but no review is actually performed. Does this represent a weakness in policy, procedure, or both?",,"Management introduces a policy requiring all significant accounting estimates to be reviewed before approval, but no review is actually performed. Does this represent a weakness in policy, procedure, or both?","This represents a weakness in both the policy and the procedure, although in different ways.

The policy is weak because it exists only at the level of written intention and is not effectively designed to ensure that significant accounting estimates are actually reviewed before approval. A policy should establish a clear and enforceable requirement, but if it is not structured in a way that can be implemented and monitored, its control value is limited.

The procedure is also weak because the required review is not performed in practice. A procedure is the actual action taken to carry out the policy, and in this case the control activity has failed at the operational level. Even though management has introduced the requirement, the absence of any review means the control is not operating as intended.

Accordingly, the issue is not merely that the policy was documented incorrectly, but that there is a gap between the stated requirement and its execution. This creates a control deficiency in the overall internal control process for significant accounting estimates.","This represents a weakness in **policy**, but not necessarily in **procedure** by itself. The policy requires that all significant accounting estimates be reviewed before approval, yet no review is actually performed. That means the policy is not being implemented as intended, so the requirement is not being carried out in practice.

In accounting and internal control, a policy may be well designed if it is properly communicated, understood, and followed. If management has established a policy requiring review, but no review occurs at all, the control is not operating effectively. The absence of actual review is therefore a practical failure in the control process, which indicates a weakness in **procedure**.

However, the core issue is that the policy is not being implemented. A policy may be valid and properly designed, but it remains ineffective if it is not followed. So the main point is that the policy is not being applied, not that the policy is defective."
1,A company identifies unusually high payments to recently approved suppliers. An investigation reveals collusion between procurement employees and several vendors. How should management respond?,,A company identifies unusually high payments to recently approved suppliers. An investigation reveals collusion between procurement employees and several vendors. How should management respond?,"Management should respond by treating the matter as a confirmed fraud issue and taking immediate corrective action. Because the investigation has revealed collusion between procurement employees and several vendors, the response should focus on stopping the fraudulent conduct, protecting the entity’s assets, and preserving relevant evidence.

First, management should promptly suspend or remove the implicated employees from purchasing and vendor-approval responsibilities and restrict their access to systems, records, and payment processes. It should also freeze further dealings with the involved vendors pending review, so that additional unauthorized payments are prevented.

Second, management should secure and document the evidence uncovered in the investigation, including payment records, supplier master data changes, approval logs, correspondence, and any other information showing how the collusion operated. This is necessary both for internal disciplinary action and for any external reporting or recovery efforts.

Third, management should assess the financial effect of the fraudulent payments and determine whether amounts can be recovered from vendors or through insurance or other remedies. It should also consider whether prior financial records are misstated as a result of the fraud and whether any related adjustments or disclosures are required.

Fourth, management should implement stronger controls over supplier onboarding, approval of new vendors, changes to vendor master files, segregation of duties, and review of unusual or high-value payments. The control environment should be strengthened so that no single employee or small group can create vendors, approve them, and authorize payment without independent oversight.

Finally, management should communicate the matter to those charged with governance and consider whether legal or regulatory reporting obligations arise. The response should be decisive, evidence-based, and aimed at both remediation and prevention of recurrence.","When management identifies unusually high payments to recently approved suppliers, and an investigation reveals collusion between procurement employees and several vendors, the appropriate response is to treat the matter as a significant fraud risk and to act decisively to prevent further misstatement and to preserve the integrity of the financial reporting process.

Management should first investigate the matter thoroughly and obtain sufficient appropriate audit evidence to determine the extent of the collusion, the amount involved, and whether the payments were made in violation of established purchasing procedures. Because collusion indicates a pattern of intentional misstatement, management should not accept the apparent normality of the payments at face value.

The response should include immediate corrective action, such as revoking the affected supplier approvals, reevaluating the purchasing process, and implementing additional controls to detect and prevent similar collusion in the future. Management should also communicate the findings to those responsible for procurement and to the appropriate audit committee or board, as necessary, to ensure that the issue is properly escalated and that remedial measures are followed through.

In addition, management should consider whether the matter has implications for the auditor’s assessment of risk and for the design of further audit procedures. If the collusion is extensive or repeated, it may indicate a broader control deficiency or a systemic weakness in the purchasing process, which would require more extensive evaluation and response."
2,Why is a transaction involving significant management judgment generally assessed differently from a routine automated transaction?,,Why is a transaction involving significant management judgment generally assessed differently from a routine automated transaction?,"A transaction involving significant management judgment is generally assessed differently because the risk of material misstatement is typically higher than for a routine automated transaction. When management must exercise judgment, estimates, or interpretations, the accounting outcome is more susceptible to bias, uncertainty, and deliberate or inadvertent misstatement. The auditor therefore gives greater attention to how management formed the judgment, the reasonableness of the underlying assumptions, and whether the resulting accounting treatment is appropriate in the circumstances.

By contrast, a routine automated transaction is usually processed through established system controls and predetermined rules, leaving little scope for subjective decision-making at the transaction level. Because the accounting treatment is more standardized and less dependent on management discretion, the risk of misstatement is generally lower, assuming the system controls operate effectively. As a result, the auditor typically treats such transactions as less inherently risky than those requiring significant judgment.","A transaction involving significant management judgment is generally assessed differently from a routine automated transaction because the risk of material misstatement is not determined by a simple technical process or by a fixed set of rules. Instead, the auditor must consider whether the transaction requires management to exercise judgment in selecting an appropriate accounting treatment, estimating a value, or determining the appropriate measurement basis. In such cases, the risk arises from the complexity of the underlying estimate or the subjectivity of the decision, and the auditor must evaluate whether the estimate is reasonable and whether management has applied the relevant accounting principles consistently.

By contrast, a routine automated transaction is usually processed by a system that follows a predetermined logic, so the risk of misstatement is more predictable and less dependent on management’s judgment. The auditor may therefore rely on the design and operation of the system, the completeness and accuracy of the data, and the consistency of the automated processing to assess the risk. However, even in automated processing, the auditor still considers whether the transaction is subject to a risk of material misstatement arising from error or bias in the underlying data or from the way the system is programmed.

In short, the assessment of risk differs because significant management judgment introduces uncertainty and subjectivity, whereas routine automated processing typically involves less uncertainty and less dependence on management’s judgment."
